Ticker,Tier,Setup,Score,Current Price,Base Len,Box Width,Touches,ATR Ratio,LPS Length,Breach Days
CGON,S,LPS,119.6,67.18,35,0.10429935217571079,25,1.1088369953005242,6,6
WDS,S,LPS,119.4,23.47,31,0.08427949071291946,11,1.069266800520717,3,5
ALB,S,LPS,119.0,194.82,74,0.22290967828932143,39,1.2261227063090399,3,4
APEI,S,LPS,118.4,58.12,37,0.10112569356099847,22,1.0482965367426447,3,6
FTK,S,LPS,116.2,16.86,146,0.23145602942556778,54,0.8561244280384487,4,27
SDRL,S,LPS,116.1,48.9,24,0.10312996727743913,9,0.9144484515225516,2,1
BHP,S,LPS,114.8,79.24,56,0.1675083667475139,13,0.9670531450204051,4,9
ASML,S,LPS,114.8,1442.92,74,0.13892207949237922,29,1.1655948212941374,2,7
RDNW,S,LPS,114.7,7.28,27,0.14856226746572182,21,0.9828066222013335,3,0
E,S,LPS,114.6,56.5,31,0.11482557779012612,8,1.2456132180966104,3,1
EGY,S,LPS,114.3,6.52,31,0.1666665838824411,10,1.1583906114582114,4,5
IX,S,LPS,113.8,33.23,40,0.08978218973460506,15,1.166084766165078,3,7
BORR,S,LPS,112.9,5.92,55,0.19731805578684392,17,1.0844995585651263,3,9
ACTG,S,LPS,112.3,5.12,32,0.06444905331961444,24,0.9224116630013123,2,2
TECK,S,LPS,112.0,57.8,75,0.22079232931911152,24,1.026883857815442,3,11
PYPD,S,LPS,111.6,4.5,81,0.17772512731948237,37,0.9534248876631218,2,12
RES,S,LPS,109.7,7.8,31,0.14705879313549364,15,1.2390343476851926,6,4
HAS,S,LPS,109.2,94.76,38,0.08676863936627326,21,1.269239236761571,2,4
BP,S,LPS,108.6,46.5,24,0.053336264967725366,15,1.111770390286977,2,3
CW,S,LPS,108.5,728.95,46,0.1062423976350767,22,0.9332121852090591,7,6
ALMS,S,LPS,108.5,26.13,35,0.19842377451837914,19,1.0135681027836887,2,4
NVDA,S,LPS,107.9,196.5,95,0.13140741408926074,31,1.0605599505340992,2,15
NHC,S,LPS,107.1,167.05,57,0.11505240693472812,35,1.2550493174779516,2,6
OII,S,LPS,106.6,37.66,36,0.14473287567837548,19,1.2156393005963608,2,4
HLX,S,LPS,106.2,10.26,50,0.19977678060626652,14,1.0697236136998833,2,4
RGC,S,REBOUND,106.1,27.27,20,0.09438036420327142,22,0.7819194181019096,3,2
TROX,S,LPS,105.5,10.48,25,0.17633133784031926,10,1.1015943504593482,5,1
SIFY,S,LPS,105.3,14.64,74,0.1998486249582993,35,1.0157916177331032,5,8
NNI,S,LPS,104.7,140.78,169,0.09250638959271058,47,1.053995413084611,5,25
AD,S,LPS,103.8,49.43,72,0.09759026299960093,22,0.9910249742439788,2,6
HLIO,S,LPS,103.7,67.8,32,0.11490739804695506,18,0.926297802296241,2,5
WNEB,S,LPS,103.6,14.11,96,0.1415711849166485,28,0.9555778360898928,2,15
AXG,S,LPS,103.5,3.69,25,0.14001756533721418,17,0.8803954132159473,2,4
SAN,S,LPS,102.8,11.88,49,0.24202624276735113,11,0.9269653147173942,7,1
PTGX,S,REBOUND,102.7,99.21,33,0.08779331471581056,33,1.117662223787846,2,0
FIVE,S,LPS,102.6,226.72,26,0.09317677868130003,15,1.1036668759966743,2,4
HAL,S,LPS,102.5,41.72,37,0.22341059096415397,5,1.09137786245843,3,0
COGT,S,REBOUND,102.2,36.98,18,0.05650835404766516,20,0.811518284579464,6,0
CIEN,S,LPS,101.9,544.75,19,0.13018883297365436,14,1.3199829807787395,2,0
NSC,S,LPS,101.7,313.57,67,0.13152658883521914,28,1.1920999930324767,3,3
PLBC,S,LPS,101.0,51.07,68,0.11387766629248443,21,1.0163918988959184,2,5
ORRF,S,LPS,100.8,36.9,99,0.10287363289755536,46,1.0712753417356096,2,15
MUFG,S,LPS,100.5,17.76,48,0.1470765829786324,11,0.9267753744136118,4,5
ISTR,S,LPS,100.3,28.08,48,0.11390976467938844,21,1.128834327162979,2,1
AMPY,S,LPS,99.7,6.26,49,0.24521077801831767,11,0.889766339999574,6,8
DLTH,S,LPS,99.6,3.33,23,0.20608104298461394,8,1.0979707913894063,2,3
CVS,S,LPS,98.9,80.69,107,0.09333687852256502,39,0.9998976926542807,2,20
CHT,S,LPS,98.7,43.11,52,0.04229030108918715,32,0.9662898756653275,5,4
HTB,S,LPS,98.4,45.79,72,0.11291496686461318,33,1.0624620889076721,2,1
GLW,S,REBOUND,98.3,162.1,18,0.11514195583596215,12,1.3093248036211642,2,1
WMT,S,LPS,98.0,130.79,46,0.05862525829395663,23,0.9969508691740459,3,6
UNTY,S,LPS,97.9,53.42,83,0.13595167458576274,29,1.0096443191441307,2,3
FMNB,S,LPS,97.3,14.15,222,0.17036462006349012,38,0.9925427971080774,2,20
ZTR,S,LPS,97.3,6.87,41,0.040601354388979397,21,0.9772498692371495,3,6
TBPH,S,LPS,96.5,16.73,20,0.04626773857861689,18,0.7305489467770604,3,1
ALLY,S,LPS,96.1,43.21,115,0.24367945158482016,28,1.010837312821267,6,8
AEG,S,LPS,95.6,8.17,180,0.09905027235360225,29,0.804247033697575,2,28
ISOU,S,LPS,95.0,11.27,46,0.21616165916988717,21,1.0259253520666212,3,5
OZK,S,LPS,94.9,48.48,139,0.17339992782038968,28,0.9270982069361109,3,8
OSK,S,LPS,94.6,153.27,40,0.14512203638509857,10,1.036750741102976,3,0
KRNY,S,LPS,94.1,8.13,79,0.12881802085000602,20,1.13648121327833,2,14
THW,S,LPS,93.8,12.7,88,0.054084515222240205,46,1.1610501177133556,3,16
ANNX,S,REBOUND,93.7,5.72,20,0.11363638447714929,15,0.9529503191048636,3,1
BXMT,S,LPS,93.7,19.12,107,0.07265179580316711,39,0.9565487654554485,3,18
DCO,S,LPS,93.1,142.56,20,0.05966292807893688,26,1.2061892613700447,2,0
NBHC,S,LPS,93.1,42.76,72,0.10789129378416902,21,0.9156618704799292,2,11
ACRE,S,LPS,92.7,5.2,97,0.1775662671446362,13,0.9015126714667322,3,10
KDP,S,LPS,92.3,28.92,131,0.16092837111336436,32,1.2537080009577704,2,6
ASGI,S,LPS,92.2,24.09,69,0.19255520521352099,7,0.8968664755875261,3,0
EXR,S,LPS,92.1,139.79,75,0.11029692701702781,21,0.9773890457983844,2,13
NEE,S,LPS,91.9,96.28,41,0.0534300148800849,25,1.1344876074561812,3,5
IHG,S,LPS,91.9,141.85,100,0.10631157546720695,39,1.0675443358628434,4,19
SFNC,S,LPS,91.7,21.42,74,0.1393269668292106,29,1.0430246765386328,3,12
COFS,S,LPS,91.4,30.85,150,0.11827954865470913,64,1.0762573613508524,6,28
HRTG,S,LPS,91.4,29.02,44,0.13616862242466066,22,0.9836086652816483,4,3
CASS,S,LPS,91.4,47.17,68,0.10353653292489082,29,1.4197608554064747,2,8
TRV,S,LPS,91.2,301.35,46,0.062398577477527084,16,1.041947426835901,2,7
SMHI,S,LPS,91.0,7.7,27,0.1085714612688337,16,0.8620405171091774,2,3
KFY,S,LPS,91.0,66.93,45,0.07327518300015982,30,1.157461683993833,4,8
DOW,S,LPS,90.7,40.8,20,0.13616783302147073,9,1.2546811841445056,2,0
OLP,S,LPS,90.5,22.77,60,0.0720435228696647,34,0.9803559451251813,3,7
HCSG,S,LPS,89.7,21.73,60,0.21651669056321815,30,1.345960057441544,2,4
EPSN,S,LPS,89.6,6.31,36,0.19597072604133461,7,1.0281496760003483,3,0
PLD,S,LPS,89.3,140.27,69,0.13134604928287355,19,1.0523414188608793,2,9
AVA,S,LPS,89.3,40.93,71,0.07827839984310478,33,1.0511485394984008,5,6
NLY,S,LPS,89.1,22.38,47,0.1343355377834333,13,0.9622927427325226,3,5
EIG,S,LPS,88.9,41.71,193,0.21445406695310867,14,0.8952197016089231,2,6
HBT,S,LPS,88.8,27.8,79,0.14257883004185412,22,0.9549369651141631,2,5
CIM,S,LPS,88.5,13.64,56,0.08409787045433899,20,0.9121267427617901,2,10
NXT,S,LPS,87.9,123.34,21,0.1432688719268282,15,1.1845792532750388,5,2
XFOR,S,LPS,87.5,4.2,28,0.1593830609916999,11,0.9223503714542021,3,2
STRD,S,LPS,87.4,76.31,50,0.06127585268220412,19,0.8015045906614502,3,8
PAC,S,LPS,86.9,252.09,43,0.13125223128786376,19,1.0493868461728368,2,5
REFI,S,LPS,85.7,12.25,82,0.07905794496288432,23,0.9784070087476748,6,14
MSCI,A,LPS,84.6,580.88,201,0.1134476390353497,56,1.0317409687618395,3,29
UNP,A,LPS,83.4,264.01,46,0.15717250662814347,7,1.2099979844734845,3,3
RTO,A,LPS,83.4,33.81,14,0.02851142772030163,12,0.8752352634661982,2,0
SIGI,A,LPS,82.7,82.15,46,0.13286337996270842,20,1.2829071234541507,2,6
DPG,A,LPS,82.7,14.89,46,0.06250002225594499,15,1.0110958504892116,3,3
ABNB,A,LPS,81.6,139.73,51,0.14623972760632173,7,1.0177590781002293,4,9
TKC,A,LPS,81.3,6.42,51,0.181512678178825,10,0.9726210620206108,7,1
EQBK,A,LPS,81.1,46.07,94,0.08472279292882715,29,0.8528009070535714,4,17
INGN,A,LPS,81.0,7.05,23,0.15702475691157705,10,1.1099894417932992,2,3
KO,A,LPS,80.4,78.48,25,0.023385522945509843,25,1.254245301051584,2,3
PB,A,LPS,79.9,69.55,72,0.1683046144474198,15,0.8915667290120439,2,3
RL,A,REBOUND,79.9,360.02,19,0.0571920295560051,16,1.0108105194236983,5,1
SMFG,A,LPS,78.9,21.2,26,0.15469906138107545,4,0.9686500475905756,3,0
FTS,A,LPS,78.6,57.44,52,0.040035897875967,25,1.01986248123966,2,9
SBAC,A,LPS,78.6,217.38,18,0.05396763661931459,14,1.1444921021159082,2,0
DCOM,A,LPS,78.2,36.25,16,0.07446929786223883,13,1.1626682408253792,3,0
DOV,A,LPS,77.2,223.47,52,0.17026680356308185,10,1.1562786779438587,3,0
XRN,A,LPS,77.1,35.36,16,0.04934514451071113,10,0.8652728503994594,6,0
ATO,A,LPS,76.9,187.25,39,0.04358088992264994,19,1.0689596709209872,2,5
TR,A,LPS,76.6,42.25,33,0.10920396284409019,13,1.1195861366433446,2,0
IBOC,A,LPS,74.7,71.76,17,0.03057453832778036,16,0.8431522818638137,6,0
HE,A,REBOUND,74.4,15.38,18,0.06350266088520738,13,0.9401153062927509,7,0
HFWA,A,LPS,74.0,27.52,19,0.05294787079220292,17,1.166791183501888,3,1
VRSN,A,LPS,73.7,275.77,21,0.09177679925818157,5,1.2360797986694725,2,1
FISI,A,LPS,72.6,34.82,16,0.06636763394234299,8,1.0358300996360807,2,0
IDE,A,LPS,72.5,13.48,17,0.06620480835184876,6,1.4012560849763511,2,0
AVAL,A,LPS,71.7,4.45,21,0.18105437365716445,5,1.1210404499971858,2,0
WSFS,A,LPS,71.6,71.85,17,0.0625920457215334,8,0.9886150103542696,3,1
WAB,A,LPS,71.2,263.44,19,0.08825500062908567,6,1.1551513762335233,3,0
RBCAA,A,LPS,71.0,76.48,18,0.045870252087193315,19,1.1562903508363027,2,2
DNUT,B,LPS,69.7,3.67,43,0.19936204207376862,12,1.0627871995540503,2,7
EPR,B,LPS,69.5,55.99,14,0.031233093433078438,13,0.9805414357788749,2,0
UBSI,B,REBOUND,68.0,43.56,19,0.03761316330075208,14,0.9182014229209111,3,0
ZION,B,LPS,67.7,63.13,17,0.05861837774395945,7,0.9255683452963123,3,0
COLB,B,LPS,67.0,29.71,17,0.05316545818997086,12,0.930977246742929,2,0
GABC,B,REBOUND,66.9,43.48,19,0.040663655679851425,18,1.0765526361672362,3,1
ASB,B,LPS,66.8,28.4,17,0.056353617242825296,10,0.9605363666698056,2,0
PEBO,B,LPS,66.2,34.14,19,0.04025036002552208,13,0.997586881503693,3,1
FRME,B,REBOUND,65.0,40.55,19,0.04250001907348633,11,0.8747652495586481,2,2
OBK,B,LPS,64.6,47.05,15,0.05735658001109038,9,1.0682724436343907,2,2
SRCE,B,LPS,63.6,73.59,19,0.03668966165978457,18,1.0538188886938182,2,1
TEO,B,LPS,62.3,11.63,20,0.05555556489980701,23,0.9049349055334367,2,3
CPT,C,LPS,52.7,104.73,14,0.052763510663243786,6,1.0652281317805732,2,1
TOWN,C,LPS,44.8,34.97,14,0.06021316695466918,5,1.0269421889770547,2,1
